<?xml version="1.0" encoding="utf-8"?>
<widget xmlns="http://openajax.org/metadata" spec="1.0" id="tag:adobe.com,2012-03:edge:oam:compid:EDGE-163934610" name="Mishipeshu" version="1">

  <description type="text/html"><![CDATA[Widget Exported from Adobe Edge]]></description>
  <category name="Adobe Edge Animation"/>

  <remarks>Compatible with: InDesign CS6, Dreamweaver</remarks>

  <icon src="images/Poster.png" width="1000" height="300" />

  <require type="other" src="Mishipeshu.html" />
  <require type="other" src="images/MishipeshuIcon.gif" />
  <require type="other" src="images/preloader.gif" />

  <require type="javascript" src="Mishipeshu_edge.js" />
  <require type="javascript" src="Mishipeshu_edgeActions.js" />
  <require type="javascript" src="Mishipeshu_edgePreload.js" />
  <require type="javascript" src="edge_includes/edge.1.0.0.min.js" />
  <require type="javascript" src="edge_includes/jquery-1.7.1.min.js" />
  <require type="javascript" src="edge_includes/jquery.easing.1.3.js" />
  <require type="javascript" src="edge_includes/json2_min.js" />

  <require type="image" src="images/BG.jpg" />
  <require type="image" src="images/bkBtn.png" />
  <require type="image" src="images/forest.png" />
  <require type="image" src="images/fwdBtn.png" />
  <require type="image" src="images/Mishipeshu.png" />
  <require type="image" src="images/pictographs.png" />
  <require type="image" src="images/Poster.png" />
  <require type="image" src="images/rocks.png" />
  <require type="image" src="images/shoreline.png" />
  <require type="image" src="images/wave.png" />

  <require type="folder" src="edge_includes" />
  <require type="folder" src="images" />


  <content><![CDATA[
    <div class="EDGE-163934610"></div>
  ]]></content>
   
  <properties name="Properties">
    <property name="default-width" defaultValue="1000" hidden="true"/>
    <property name="default-height" defaultValue="300" hidden="true"/>
    <property name="resizable" defaultValue="false" hidden="true"/>
    <property name="use-chrome-frame" defaultValue="false" hidden="true"/>
    <property name="chrome-frame-installer" defaultValue="" hidden="true"/>
    
    
    <property name="html-page" defaultValue="Mishipeshu.html" hidden="true"/>
  </properties>

</widget>
